Prompt_ID,True_Label,Sequence_Length,Warning,First_Warning_Step,Warning_Fraction,Matched_Pattern_ID,Matched_Confidence
19,0,64,True,43.0,0.671875,HP_020,0.7222222222222222
25,0,41,True,3.0,0.07317073170731707,HP_020,0.7222222222222222
52,0,75,True,59.0,0.7866666666666666,HP_011,0.7857142857142857
62,1,27,True,4.0,0.14814814814814814,HP_031,0.75
75,1,80,True,3.0,0.0375,HP_020,0.7222222222222222
83,0,49,False,,,,
84,1,79,True,8.0,0.10126582278481013,HP_053,0.7692307692307693
105,0,50,False,,,,
111,0,54,False,,,,
140,1,50,True,32.0,0.64,HP_011,0.7857142857142857
164,0,55,False,,,,
177,1,65,True,48.0,0.7384615384615385,HP_007,0.7142857142857143
183,0,68,False,,,,
199,1,10,True,4.0,0.4,HP_020,0.7222222222222222
224,1,80,True,31.0,0.3875,HP_007,0.7142857142857143
249,0,48,True,19.0,0.3958333333333333,HP_007,0.7142857142857143
265,1,55,False,,,,
276,1,63,False,,,,
282,0,32,True,8.0,0.25,HP_007,0.7142857142857143
310,1,65,False,,,,
324,0,54,False,,,,
345,1,75,False,,,,
347,1,40,True,23.0,0.575,HP_007,0.7142857142857143
352,1,58,True,12.0,0.20689655172413793,HP_011,0.7857142857142857
369,1,80,True,3.0,0.0375,HP_022,0.75
376,0,80,True,68.0,0.85,HP_106,0.7142857142857143
383,1,58,True,20.0,0.3448275862068966,HP_011,0.7857142857142857
394,0,73,True,63.0,0.863013698630137,HP_007,0.7142857142857143
413,1,20,True,2.0,0.1,HP_007,0.7142857142857143
421,1,12,True,9.0,0.75,HP_011,0.7857142857142857
429,1,5,True,2.0,0.4,HP_007,0.7142857142857143
432,0,19,False,,,,
487,1,80,True,28.0,0.35,HP_003,0.9090909090909091
488,0,68,True,64.0,0.9411764705882353,HP_011,0.7857142857142857
507,0,52,False,,,,
513,0,61,False,,,,
516,0,37,False,,,,
523,1,4,False,,,,
524,0,55,False,,,,
530,0,19,False,,,,
579,0,75,False,,,,
588,1,32,False,,,,
621,0,20,True,5.0,0.25,HP_007,0.7142857142857143
634,0,49,True,11.0,0.22448979591836735,HP_022,0.75
637,1,20,True,3.0,0.15,HP_003,0.9090909090909091
646,0,80,True,54.0,0.675,HP_007,0.7142857142857143
656,1,80,True,3.0,0.0375,HP_022,0.75
724,1,37,True,7.0,0.1891891891891892,HP_011,0.7857142857142857
785,0,67,False,,,,
789,1,33,True,5.0,0.15151515151515152,HP_066,0.7333333333333333
