Pattern_ID,Layer_ID,Pattern,Pattern_Length,Truthful_Support,Hallucinated_Support,Truthful_Rate,Hallucinated_Rate,Confidence_Hallucination,Lift,Contrast
HP_001,26,"[3, 4, 4, 4, 4]",5,3,13,0.12,0.52,0.8125,1.625,0.4
HP_002,26,"[4, 3, 3, 0]",4,1,10,0.04,0.4,0.9090909090909091,1.8181818181818181,0.36000000000000004
HP_003,26,"[4, 3, 3]",3,1,10,0.04,0.4,0.9090909090909091,1.8181818181818181,0.36000000000000004
HP_004,26,"[3, 4, 4, 4, 9]",5,4,13,0.16,0.52,0.7647058823529411,1.5294117647058822,0.36
HP_005,26,"[3, 4, 4, 4]",4,4,13,0.16,0.52,0.7647058823529411,1.5294117647058822,0.36
HP_006,26,"[3, 4, 4, 4, 0]",5,4,13,0.16,0.52,0.7647058823529411,1.5294117647058822,0.36
HP_007,26,"[3, 3]",2,6,15,0.24,0.6,0.7142857142857143,1.4285714285714286,0.36
HP_008,26,"[3, 3, 0]",3,6,15,0.24,0.6,0.7142857142857143,1.4285714285714286,0.36
HP_009,26,"[4, 3, 3, 9]",4,1,9,0.04,0.36,0.9,1.8,0.32
HP_010,26,"[4, 3, 3, 0, 9]",5,1,9,0.04,0.36,0.9,1.8,0.32
HP_011,26,"[4, 0, 4, 4, 3]",5,3,11,0.12,0.44,0.7857142857142857,1.5714285714285714,0.32
HP_012,26,"[4, 0, 4, 3]",4,3,11,0.12,0.44,0.7857142857142857,1.5714285714285714,0.32
HP_013,26,"[4, 0, 4, 3, 9]",5,3,11,0.12,0.44,0.7857142857142857,1.5714285714285714,0.32
HP_014,26,"[4, 0, 4, 3, 0]",5,3,11,0.12,0.44,0.7857142857142857,1.5714285714285714,0.32
HP_015,26,"[4, 3, 4, 4, 4]",5,3,11,0.12,0.44,0.7857142857142857,1.5714285714285714,0.32
HP_016,26,"[3, 3, 0, 9]",4,5,13,0.2,0.52,0.7222222222222222,1.4444444444444444,0.32
HP_017,26,"[3, 4, 4, 0, 9]",5,5,13,0.2,0.52,0.7222222222222222,1.4444444444444444,0.32
HP_018,26,"[3, 4, 4, 9]",4,5,13,0.2,0.52,0.7222222222222222,1.4444444444444444,0.32
HP_019,26,"[3, 3, 9]",3,5,13,0.2,0.52,0.7222222222222222,1.4444444444444444,0.32
HP_020,26,"[3, 4, 4]",3,5,13,0.2,0.52,0.7222222222222222,1.4444444444444444,0.32
HP_021,26,"[3, 4, 4, 0]",4,5,13,0.2,0.52,0.7222222222222222,1.4444444444444444,0.32
HP_022,26,"[4, 4, 3]",3,4,12,0.16,0.48,0.75,1.5,0.31999999999999995
HP_023,26,"[4, 4, 4, 3]",4,4,12,0.16,0.48,0.75,1.5,0.31999999999999995
HP_024,26,"[3, 0, 4, 0, 4]",5,4,12,0.16,0.48,0.75,1.5,0.31999999999999995
HP_025,26,"[4, 4, 3, 0]",4,4,12,0.16,0.48,0.75,1.5,0.31999999999999995
HP_026,26,"[4, 4, 4, 3, 0]",5,4,12,0.16,0.48,0.75,1.5,0.31999999999999995
HP_027,26,"[3, 4, 0, 4, 4]",5,4,12,0.16,0.48,0.75,1.5,0.31999999999999995
HP_028,26,"[3, 4, 0, 0, 4]",5,4,12,0.16,0.48,0.75,1.5,0.31999999999999995
HP_029,26,"[4, 4, 3, 0, 9]",5,4,12,0.16,0.48,0.75,1.5,0.31999999999999995
HP_030,26,"[3, 4, 0, 4, 9]",5,4,12,0.16,0.48,0.75,1.5,0.31999999999999995
HP_031,26,"[3, 4, 0, 4]",4,4,12,0.16,0.48,0.75,1.5,0.31999999999999995
HP_032,26,"[3, 0, 4, 4, 4]",5,4,12,0.16,0.48,0.75,1.5,0.31999999999999995
HP_033,26,"[3, 4, 0, 4, 0]",5,4,12,0.16,0.48,0.75,1.5,0.31999999999999995
HP_034,26,"[4, 4, 3, 9]",4,4,12,0.16,0.48,0.75,1.5,0.31999999999999995
HP_035,26,"[4, 4, 4, 3, 9]",5,4,12,0.16,0.48,0.75,1.5,0.31999999999999995
HP_036,26,"[3, 4, 4, 0, 4]",5,4,12,0.16,0.48,0.75,1.5,0.31999999999999995
HP_037,26,"[4, 4, 3, 3, 9]",5,1,8,0.04,0.32,0.8888888888888888,1.7777777777777777,0.28
HP_038,26,"[0, 4, 3, 3]",4,1,8,0.04,0.32,0.8888888888888888,1.7777777777777777,0.28
HP_039,26,"[3, 4, 4, 3]",4,1,8,0.04,0.32,0.8888888888888888,1.7777777777777777,0.28
HP_040,26,"[4, 4, 4, 3, 3]",5,1,8,0.04,0.32,0.8888888888888888,1.7777777777777777,0.28
HP_041,26,"[4, 4, 3, 3, 0]",5,1,8,0.04,0.32,0.8888888888888888,1.7777777777777777,0.28
HP_042,26,"[3, 4, 4, 4, 3]",5,1,8,0.04,0.32,0.8888888888888888,1.7777777777777777,0.28
HP_043,26,"[4, 0, 0, 3, 3]",5,1,8,0.04,0.32,0.8888888888888888,1.7777777777777777,0.28
HP_044,26,"[0, 4, 3, 3, 0]",5,1,8,0.04,0.32,0.8888888888888888,1.7777777777777777,0.28
HP_045,26,"[4, 4, 3, 3]",4,1,8,0.04,0.32,0.8888888888888888,1.7777777777777777,0.28
HP_046,26,"[3, 4, 4, 3, 9]",5,1,8,0.04,0.32,0.8888888888888888,1.7777777777777777,0.28
HP_047,26,"[3, 4, 4, 3, 0]",5,1,8,0.04,0.32,0.8888888888888888,1.7777777777777777,0.28
HP_048,26,"[4, 0, 3, 3]",4,1,8,0.04,0.32,0.8888888888888888,1.7777777777777777,0.28
HP_049,26,"[4, 3, 3, 0, 0]",5,1,8,0.04,0.32,0.8888888888888888,1.7777777777777777,0.28
HP_050,26,"[4, 0, 3, 3, 0]",5,1,8,0.04,0.32,0.8888888888888888,1.7777777777777777,0.28
HP_051,26,"[4, 4, 3, 0, 0]",5,3,10,0.12,0.4,0.7692307692307693,1.5384615384615385,0.28
HP_052,26,"[3, 3, 3, 3]",4,3,10,0.12,0.4,0.7692307692307693,1.5384615384615385,0.28
HP_053,26,"[4, 4, 4, 4, 3]",5,3,10,0.12,0.4,0.7692307692307693,1.5384615384615385,0.28
HP_054,26,"[3, 3, 3, 3, 0]",5,3,10,0.12,0.4,0.7692307692307693,1.5384615384615385,0.28
HP_055,26,"[4, 4, 3, 0, 4]",5,3,10,0.12,0.4,0.7692307692307693,1.5384615384615385,0.28
HP_056,26,"[4, 3, 4, 0, 4]",5,4,11,0.16,0.44,0.7333333333333333,1.4666666666666666,0.28
HP_057,26,"[4, 3, 4, 4, 9]",5,4,11,0.16,0.44,0.7333333333333333,1.4666666666666666,0.28
HP_058,26,"[4, 3, 0, 0, 4]",5,4,11,0.16,0.44,0.7333333333333333,1.4666666666666666,0.28
HP_059,26,"[4, 3, 4, 4]",4,4,11,0.16,0.44,0.7333333333333333,1.4666666666666666,0.28
HP_060,26,"[0, 4, 4, 3]",4,4,11,0.16,0.44,0.7333333333333333,1.4666666666666666,0.28
HP_061,26,"[4, 3, 0, 4, 4]",5,4,11,0.16,0.44,0.7333333333333333,1.4666666666666666,0.28
HP_062,26,"[4, 3, 4, 4, 0]",5,4,11,0.16,0.44,0.7333333333333333,1.4666666666666666,0.28
HP_063,26,"[0, 4, 4, 3, 0]",5,4,11,0.16,0.44,0.7333333333333333,1.4666666666666666,0.28
HP_064,26,"[4, 3, 0, 4, 9]",5,4,11,0.16,0.44,0.7333333333333333,1.4666666666666666,0.28
HP_065,26,"[0, 4, 4, 3, 9]",5,4,11,0.16,0.44,0.7333333333333333,1.4666666666666666,0.28
HP_066,26,"[4, 3, 0, 4]",4,4,11,0.16,0.44,0.7333333333333333,1.4666666666666666,0.28
HP_067,26,"[4, 3, 0, 4, 0]",5,4,11,0.16,0.44,0.7333333333333333,1.4666666666666666,0.28
HP_068,26,"[4, 3, 4, 0, 0]",5,4,11,0.16,0.44,0.7333333333333333,1.4666666666666666,0.28
HP_069,26,"[3, 4, 0, 0, 0]",5,5,12,0.2,0.48,0.7058823529411765,1.411764705882353,0.27999999999999997
HP_070,26,"[3, 0, 4, 4, 0]",5,5,12,0.2,0.48,0.7058823529411765,1.411764705882353,0.27999999999999997
HP_071,26,"[3, 0, 0, 0, 4]",5,5,12,0.2,0.48,0.7058823529411765,1.411764705882353,0.27999999999999997
HP_072,26,"[3, 0, 0, 4, 4]",5,5,12,0.2,0.48,0.7058823529411765,1.411764705882353,0.27999999999999997
HP_073,26,"[3, 3, 0, 0]",4,5,12,0.2,0.48,0.7058823529411765,1.411764705882353,0.27999999999999997
HP_074,26,"[3, 0, 4, 4]",4,5,12,0.2,0.48,0.7058823529411765,1.411764705882353,0.27999999999999997
HP_075,26,"[3, 4, 4, 0, 0]",5,5,12,0.2,0.48,0.7058823529411765,1.411764705882353,0.27999999999999997
HP_076,26,"[4, 3, 0, 0, 0]",5,5,12,0.2,0.48,0.7058823529411765,1.411764705882353,0.27999999999999997
HP_077,26,"[3, 0, 4, 4, 9]",5,5,12,0.2,0.48,0.7058823529411765,1.411764705882353,0.27999999999999997
HP_078,26,"[3, 3, 0, 0, 0]",5,5,12,0.2,0.48,0.7058823529411765,1.411764705882353,0.27999999999999997
HP_079,26,"[3, 4, 3, 3, 9]",5,1,7,0.04,0.28,0.875,1.75,0.24000000000000002
HP_080,26,"[3, 4, 0, 4, 3]",5,1,7,0.04,0.28,0.875,1.75,0.24000000000000002
HP_081,26,"[4, 0, 4, 3, 3]",5,1,7,0.04,0.28,0.875,1.75,0.24000000000000002
HP_082,26,"[4, 3, 3, 0, 4]",5,1,7,0.04,0.28,0.875,1.75,0.24000000000000002
HP_083,26,"[0, 4, 3, 3, 9]",5,1,7,0.04,0.28,0.875,1.75,0.24000000000000002
HP_084,26,"[4, 3, 3, 10]",4,1,7,0.04,0.28,0.875,1.75,0.24000000000000002
HP_085,26,"[3, 4, 3, 3, 0]",5,1,7,0.04,0.28,0.875,1.75,0.24000000000000002
HP_086,26,"[4, 3, 3, 9, 10]",5,1,7,0.04,0.28,0.875,1.75,0.24000000000000002
HP_087,26,"[0, 4, 0, 3, 3]",5,1,7,0.04,0.28,0.875,1.75,0.24000000000000002
HP_088,26,"[3, 0, 4, 4, 3]",5,1,7,0.04,0.28,0.875,1.75,0.24000000000000002
HP_089,26,"[4, 3, 3, 0, 10]",5,1,7,0.04,0.28,0.875,1.75,0.24000000000000002
HP_090,26,"[4, 3, 3, 3, 0]",5,1,7,0.04,0.28,0.875,1.75,0.24000000000000002
HP_091,26,"[0, 0, 4, 3, 3]",5,1,7,0.04,0.28,0.875,1.75,0.24000000000000002
HP_092,26,"[4, 3, 3, 3]",4,1,7,0.04,0.28,0.875,1.75,0.24000000000000002
HP_093,26,"[4, 0, 3, 3, 9]",5,1,7,0.04,0.28,0.875,1.75,0.24000000000000002
HP_094,26,"[4, 3, 3, 4, 0]",5,1,7,0.04,0.28,0.875,1.75,0.24000000000000002
HP_095,26,"[4, 3, 3, 4, 9]",5,1,7,0.04,0.28,0.875,1.75,0.24000000000000002
HP_096,26,"[3, 4, 4, 0, 3]",5,1,7,0.04,0.28,0.875,1.75,0.24000000000000002
HP_097,26,"[3, 4, 4, 3, 3]",5,1,7,0.04,0.28,0.875,1.75,0.24000000000000002
HP_098,26,"[4, 3, 3, 4]",4,1,7,0.04,0.28,0.875,1.75,0.24000000000000002
HP_099,26,"[3, 4, 3, 3]",4,1,7,0.04,0.28,0.875,1.75,0.24000000000000002
HP_100,26,"[4, 4, 0, 3, 3]",5,1,7,0.04,0.28,0.875,1.75,0.24000000000000002
HP_101,26,"[4, 3, 3, 3, 3]",5,1,7,0.04,0.28,0.875,1.75,0.24000000000000002
HP_102,26,"[0, 4, 4, 3, 3]",5,1,7,0.04,0.28,0.875,1.75,0.24000000000000002
HP_103,26,"[3, 3, 3, 0]",4,4,10,0.16,0.4,0.7142857142857143,1.4285714285714286,0.24000000000000002
HP_104,26,"[4, 4, 3, 4, 9]",5,4,10,0.16,0.4,0.7142857142857143,1.4285714285714286,0.24000000000000002
HP_105,26,"[3, 3, 3]",3,4,10,0.16,0.4,0.7142857142857143,1.4285714285714286,0.24000000000000002
HP_106,26,"[4, 0, 3, 0, 0]",5,4,10,0.16,0.4,0.7142857142857143,1.4285714285714286,0.24000000000000002
HP_107,26,"[3, 4, 4, 4, 10]",5,4,10,0.16,0.4,0.7142857142857143,1.4285714285714286,0.24000000000000002
HP_108,26,"[4, 4, 3, 4]",4,4,10,0.16,0.4,0.7142857142857143,1.4285714285714286,0.24000000000000002
HP_109,26,"[4, 4, 4, 3, 4]",5,4,10,0.16,0.4,0.7142857142857143,1.4285714285714286,0.24000000000000002
HP_110,26,"[3, 3, 0, 0, 9]",5,4,10,0.16,0.4,0.7142857142857143,1.4285714285714286,0.24000000000000002
HP_111,26,"[4, 4, 3, 4, 0]",5,4,10,0.16,0.4,0.7142857142857143,1.4285714285714286,0.24000000000000002
HP_112,26,"[4, 3, 0, 3, 3]",5,0,6,0.0,0.24,1.0,2.0,0.24
HP_113,26,"[3, 3, 4, 3, 3]",5,0,6,0.0,0.24,1.0,2.0,0.24
HP_114,26,"[4, 3, 4, 3, 3]",5,0,6,0.0,0.24,1.0,2.0,0.24
HP_115,26,"[3, 4, 4, 9, 0]",5,2,8,0.08,0.32,0.8,1.6,0.24
HP_116,26,"[4, 4, 3, 9, 4]",5,2,8,0.08,0.32,0.8,1.6,0.24
HP_117,26,"[3, 4, 4, 9, 4]",5,2,8,0.08,0.32,0.8,1.6,0.24
HP_118,26,"[3, 3, 4, 4]",4,2,8,0.08,0.32,0.8,1.6,0.24
HP_119,26,"[3, 3, 4, 4, 4]",5,2,8,0.08,0.32,0.8,1.6,0.24
HP_120,26,"[4, 3, 4, 9, 0]",5,2,8,0.08,0.32,0.8,1.6,0.24
HP_121,26,"[3, 3, 4, 4, 9]",5,2,8,0.08,0.32,0.8,1.6,0.24
HP_122,26,"[4, 4, 3, 9, 0]",5,2,8,0.08,0.32,0.8,1.6,0.24
HP_123,26,"[4, 3, 4, 9, 4]",5,2,8,0.08,0.32,0.8,1.6,0.24
HP_124,26,"[3, 3, 0, 4, 4]",5,2,8,0.08,0.32,0.8,1.6,0.24
HP_125,26,"[3, 3, 4, 0, 4]",5,2,8,0.08,0.32,0.8,1.6,0.24
HP_126,26,"[3, 3, 4, 4, 0]",5,2,8,0.08,0.32,0.8,1.6,0.24
HP_127,26,"[4, 4, 0, 4, 3]",5,3,9,0.12,0.36,0.75,1.5,0.24
HP_128,26,"[3, 3, 4, 0]",4,3,9,0.12,0.36,0.75,1.5,0.24
HP_129,26,"[3, 3, 4, 0, 0]",5,3,9,0.12,0.36,0.75,1.5,0.24
HP_130,26,"[4, 4, 4, 0, 3]",5,3,9,0.12,0.36,0.75,1.5,0.24
HP_131,26,"[3, 3, 4]",3,3,9,0.12,0.36,0.75,1.5,0.24
HP_132,26,"[3, 3, 0, 4, 9]",5,3,9,0.12,0.36,0.75,1.5,0.24
HP_133,26,"[4, 4, 0, 3, 9]",5,3,9,0.12,0.36,0.75,1.5,0.24
HP_134,26,"[4, 0, 3, 0, 4]",5,3,9,0.12,0.36,0.75,1.5,0.24
HP_135,26,"[4, 4, 0, 3]",4,3,9,0.12,0.36,0.75,1.5,0.24
HP_136,26,"[4, 0, 0, 4, 3]",5,3,9,0.12,0.36,0.75,1.5,0.24
HP_137,26,"[3, 3, 0, 4, 0]",5,3,9,0.12,0.36,0.75,1.5,0.24
HP_138,26,"[4, 4, 3, 4, 4]",5,3,9,0.12,0.36,0.75,1.5,0.24
HP_139,26,"[4, 4, 0, 3, 0]",5,3,9,0.12,0.36,0.75,1.5,0.24
HP_140,26,"[4, 0, 4, 3, 10]",5,3,9,0.12,0.36,0.75,1.5,0.24
HP_141,26,"[3, 3, 0, 4]",4,3,9,0.12,0.36,0.75,1.5,0.24
HP_142,26,"[3, 3, 4, 9]",4,3,9,0.12,0.36,0.75,1.5,0.24
HP_143,26,"[4, 0, 4, 3, 4]",5,3,9,0.12,0.36,0.75,1.5,0.24
HP_144,26,"[3, 3, 4, 0, 9]",5,3,9,0.12,0.36,0.75,1.5,0.24
HP_145,26,"[0, 3, 4, 3, 3]",5,0,5,0.0,0.2,1.0,2.0,0.2
HP_146,26,"[4, 0, 3, 9, 9]",5,2,7,0.08,0.28,0.7777777777777778,1.5555555555555556,0.2
HP_147,26,"[4, 3, 4, 9, 9]",5,2,7,0.08,0.28,0.7777777777777778,1.5555555555555556,0.2
HP_148,26,"[4, 0, 3, 9, 0]",5,2,7,0.08,0.28,0.7777777777777778,1.5555555555555556,0.2
HP_149,26,"[3, 4, 0, 3, 9]",5,2,7,0.08,0.28,0.7777777777777778,1.5555555555555556,0.2
HP_150,26,"[3, 4, 0, 3]",4,2,7,0.08,0.28,0.7777777777777778,1.5555555555555556,0.2
HP_151,26,"[4, 0, 3, 9, 4]",5,2,7,0.08,0.28,0.7777777777777778,1.5555555555555556,0.2
HP_152,26,"[4, 4, 3, 9, 9]",5,2,7,0.08,0.28,0.7777777777777778,1.5555555555555556,0.2
HP_153,26,"[3, 4, 4, 9, 9]",5,2,7,0.08,0.28,0.7777777777777778,1.5555555555555556,0.2
HP_154,26,"[3, 4, 0, 3, 0]",5,2,7,0.08,0.28,0.7777777777777778,1.5555555555555556,0.2
HP_155,26,"[3, 4, 0, 9, 4]",5,3,8,0.12,0.32,0.7272727272727273,1.4545454545454546,0.2
HP_156,26,"[4, 0, 3, 4, 4]",5,3,8,0.12,0.32,0.7272727272727273,1.4545454545454546,0.2
HP_157,26,"[4, 0, 4, 0, 3]",5,3,8,0.12,0.32,0.7272727272727273,1.4545454545454546,0.2
HP_158,26,"[4, 3, 0, 9, 4]",5,3,8,0.12,0.32,0.7272727272727273,1.4545454545454546,0.2
HP_159,26,"[3, 3, 0, 0, 4]",5,3,8,0.12,0.32,0.7272727272727273,1.4545454545454546,0.2
HP_160,26,"[4, 3, 9, 4]",4,3,8,0.12,0.32,0.7272727272727273,1.4545454545454546,0.2
HP_161,26,"[0, 3, 3, 3, 0]",5,3,8,0.12,0.32,0.7272727272727273,1.4545454545454546,0.2
HP_162,26,"[3, 3, 3, 3, 9]",5,3,8,0.12,0.32,0.7272727272727273,1.4545454545454546,0.2
HP_163,26,"[3, 4, 3, 0, 9]",5,3,8,0.12,0.32,0.7272727272727273,1.4545454545454546,0.2
HP_164,26,"[3, 0, 4, 9, 4]",5,3,8,0.12,0.32,0.7272727272727273,1.4545454545454546,0.2
HP_165,26,"[3, 9, 4, 4, 4]",5,3,8,0.12,0.32,0.7272727272727273,1.4545454545454546,0.2
HP_166,26,"[3, 4, 0, 9, 0]",5,3,8,0.12,0.32,0.7272727272727273,1.4545454545454546,0.2
HP_167,26,"[0, 4, 0, 4, 3]",5,3,8,0.12,0.32,0.7272727272727273,1.4545454545454546,0.2
HP_168,26,"[3, 4, 9, 4, 0]",5,3,8,0.12,0.32,0.7272727272727273,1.4545454545454546,0.2
HP_169,26,"[0, 3, 3, 3, 3]",5,3,8,0.12,0.32,0.7272727272727273,1.4545454545454546,0.2
HP_170,26,"[3, 4, 3, 0]",4,3,8,0.12,0.32,0.7272727272727273,1.4545454545454546,0.2
HP_171,26,"[3, 4, 9, 0]",4,3,8,0.12,0.32,0.7272727272727273,1.4545454545454546,0.2
HP_172,26,"[0, 3, 3, 3]",4,3,8,0.12,0.32,0.7272727272727273,1.4545454545454546,0.2
HP_173,26,"[3, 4, 3]",3,3,8,0.12,0.32,0.7272727272727273,1.4545454545454546,0.2
HP_174,26,"[3, 4, 3, 9]",4,3,8,0.12,0.32,0.7272727272727273,1.4545454545454546,0.2
HP_175,26,"[0, 0, 3, 3, 3]",5,3,8,0.12,0.32,0.7272727272727273,1.4545454545454546,0.2
HP_176,26,"[3, 0, 4, 9, 0]",5,3,8,0.12,0.32,0.7272727272727273,1.4545454545454546,0.2
HP_177,26,"[4, 4, 0, 3, 4]",5,3,8,0.12,0.32,0.7272727272727273,1.4545454545454546,0.2
HP_178,26,"[4, 3, 0, 9, 0]",5,3,8,0.12,0.32,0.7272727272727273,1.4545454545454546,0.2
HP_179,26,"[3, 4, 9, 4]",4,3,8,0.12,0.32,0.7272727272727273,1.4545454545454546,0.2
HP_180,26,"[4, 3, 9, 0]",4,3,8,0.12,0.32,0.7272727272727273,1.4545454545454546,0.2
HP_181,26,"[0, 4, 4, 0, 3]",5,3,8,0.12,0.32,0.7272727272727273,1.4545454545454546,0.2
HP_182,26,"[4, 3, 9, 4, 0]",5,3,8,0.12,0.32,0.7272727272727273,1.4545454545454546,0.2
